,,,,,,,,,,,,,,,,,,,,,,,,,,,,,,,,,,,Blank RPL created,10/1/1997,
Pos,Event,Latitude,,,Longitude,,,Decimal,Radians,Sin,Meridional,Distance from,Decimal,Difference,Difference,Difference,Difference,Course,Distance,Bearing,Distance (km),,Slack,Cable Distance (km),,Cable,Cumulative,Cable Totals,Approx,Burial,Fibre,Lay,Date,Remarks,A,AA,EE
No.,,,,,,,,Latitude,Latitude,Latitude,Parts,Equator,Longitude,in Latitude,in MPs,in E Dist,in Longitude,(Radians),in nmiles,°T,Between,Cumulative,%,Between,Cumulative,Type,by type,By Type,Depth,Depth,Type,Vessel,Installed,,(Semi-major Axis),(Semi-major Axis in,(Eccentricity^2)
,,,,,,,,(degrees),,,,,(minutes),(degrees),,,(minutes),,(6087 ft),,Positions,Total,,Positions,Total,,,(km),(m),(m),,,,,,   feet),
,,,,,,,,,,,,,,,,,,,,,,,,,,,,,,,,,,,,,
,,,,,,,,,,,,,,,,,,,,,,,,,,Land,,,,,,,,,6378137,3437.760198,0.00669437999
-,Tuas Station,,,,,,,,,,,,,,,,,,,,,,,,0.000,,,,,-,,,,,,,
,,,,,,,,,,,,,,,,,,,,,,,,5.212,,Land,,,,,,,,,,,
1,BMH Tuas,1 ° ,20.280 ',N,103 ° ,38.113 ',E,1 ° ,0.02335250539,0.02335038294,79.74992632,79.74303382,6218.1125,,,,,,,,,0.000,,,5.212,,5.212Ê,5.212,0,-,,,,,,,
,,,,,,,,,,,,,,0 ° ,0.0576276642,0.05761226782,-0.0605,-0.8097088948,0.08353123875,313.6,0.155,,0.04,0.185,,SAH-20,,,,,LS+,,,Incl. BMH slack 30m,,,
2,AC1 / Hauling Hole,1 ° ,20.338 ',N,103 ° ,38.052 ',E,1 ° ,0.02336937691,0.02336724985,79.80755398,79.80064609,6218.052,,,,,,,,,0.155,,,5.397,,0.185Ê,,0,2.0,,,,,,,
,,,,,,,,,,,,,,0 ° ,0.02086519444,0.02085961432,-0.09,-1.342985365,0.09236228459,283.1,0.171,,0.04,0.171,,SAH-20,,,,,LS+,,,,,,
3,AC2,1 ° ,20.359 ',N,103 ° ,37.962 ',E,1 ° ,0.02337548556,0.02337335684,79.82841918,79.8215057,6217.962,,,,,,,,,0.326,,,5.568,,0.356Ê,,1,11.0,,,,,,,
,,,,,,,,,,,,,,0 ° ,-0.00208651958,-0.002085961435,-0.0831,1.545693062,0.0831039543,268.6,0.154,,0.04,0.154,,SAH-20,,,,,LS+,,,,,,
4,AC3 / End HDD,1 ° ,20.357 ',N,103 ° ,37.879 ',E,1 ° ,0.02337487469,0.02337274614,79.82633266,79.81941974,6217.8789,,,,,,,,,0.481,,,5.722,,0.510Ê,,4,4.1,,,,,,,
,,,,,,,,,,,,,,0 ° ,-0.01092938778,-0.01092646465,-0.0268,1.183572823,0.02893516002,247.8,0.054,,0.04,0.054,,SAH-20,,,,,LS+,,,,,,
5,AC4,1 ° ,20.346 ',N,103 ° ,37.852 ',E,1 ° ,0.02337167492,0.02336954724,79.81540327,79.80849328,6217.8521,,,,,,,,,0.534,,,5.776,,0.564Ê,,5,4.3,,,,,,,
,,,,,,,,,,,,,,0 ° ,-0.01391012871,-0.01390640953,-0.0197,0.9559895229,0.02410955672,234.8,0.045,,0.04,0.045,,SAH-20,,,,,LS+,,,,,,
6,AC5,1 ° ,20.332 ',N,103 ° ,37.832 ',E,1 ° ,0.02336760249,0.02336547592,79.80149314,79.79458687,6217.8324,,,,,,,,,0.579,,,5.821,,0.609Ê,,6,4.3,,,,,,,
,,,,,,,,,,,,,,0 ° ,-0.01569857222,-0.01569437644,-0.0159,0.7917726621,0.02233804674,225.4,0.041,,0.04,0.041,,SAH-20,,,,,LS+,,,,,,
7,AC6,1 ° ,20.316 ',N,103 ° ,37.817 ',E,1 ° ,0.02336300646,0.02336088114,79.78579457,79.77889249,6217.8165,,,,,,,,,0.620,,,5.862,,0.650Ê,,7,4.3,,,,,,,
,,,,,,,,,,,,,,0 ° ,-0.04153165749,-0.04152056535,-0.028,0.5931892187,0.05007532952,214.0,0.093,,0.04,0.093,,SAH-20,,,,,LS+,,,,,,
8,AC7,1 ° ,20.274 ',N,103 ° ,37.789 ',E,1 ° ,0.02335084733,0.02334872533,79.74426291,79.73737192,6217.7885,,,,,,,,,0.713,,,5.955,,0.743Ê,,8,4.3,,,,,,,
,,,,,,,,,,,,,,0 ° ,-1.132180195,-1.131882307,-0.6795,0.5405441093,1.320088964,211.0,2.449,,0.04,2.450,,SAH-20,,,,,LS+,,,,,,
9,AC8,1 ° ,19.135 ',N,103 ° ,37.109 ',E,1 ° ,0.02301938022,0.02301734731,78.61208272,78.60548962,6217.109,,,,,,,,,3.162,,,8.405,,3.193Ê,,4,4.5,,,,,,,
,,,,,,,,,,,,,,0 ° ,-0.103132783,-0.103106076,-0.0578,0.5108251577,0.1181946397,209.3,0.219,,0.04,0.219,,SAH-20,,,,,LS+,,,,,,
10,AC9,1 ° ,19.031 ',N,103 ° ,37.051 ',E,1 ° ,0.02298918602,0.0229871611,78.50894994,78.50238354,6217.0512,,,,,,,,,3.382,,,8.625,,3.413Ê,,5,4.2,,,,,,,
,,,,,,,,,,,,,,0 ° ,-0.03994157855,-0.03993125447,-0.0183,0.4296266085,0.04392290953,204.6,0.081,,0.04,0.082,,SAH-20,,,,,LS+,,,,,,
11,"POL: Exit Singapore - TS , Enter Malaysia - TS",1 ° ,18.991 ',N,103 ° ,37.033 ',E,1 ° ,0.02297749231,0.02297547048,78.46900836,78.46245229,6217.0329,,,,,,,,,3.463,,,8.706,,3.494Ê,,4,4.3,,,,,,,
,,,,,,,,,,,,,,0 ° ,-0.02623028447,-0.02622351028,-0.0121,0.4322102222,0.02887917724,204.8,0.054,,0.04,0.054,,SAH-20,,,,,LS+,,,,,,
12,AC10,1 ° ,18.964 ',N,103 ° ,37.021 ',E,1 ° ,0.02296981286,0.02296779306,78.44277807,78.43622878,6217.0208,,,,,,,,,3.517,,,8.760,,3.548Ê,,7,4.3,,,,,,,
,,,,,,,,,,,,,,0 ° ,-0.08137346632,-0.08135248018,-0.0315,0.3693400027,0.08723510931,201.2,0.162,,0.04,0.162,,SAH-20,,,,,LS+,,,,,,
13,AC11,1 ° ,18.883 ',N,103 ° ,36.989 ',E,1 ° ,0.02294598912,0.02294397559,78.36140461,78.3548763,6216.9893,,,,,,,,,3.679,,,8.922,,3.710Ê,,7,4.2,,,,,,,
,,,,,,,,,,,,,,0 ° ,-0.001390999033,-0.001390640679,-0.0006000000003,0.4072323315,0.001514495307,203.3,0.003,,0.04,0.003,,SAH-20,,,,,LS+,,,,,,
14,"POL: Exit Malaysia - TS, Enter Singapore - TS",1 ° ,18.881 ',N,103 ° ,36.989 ',E,1 ° ,0.02294558188,0.02294356846,78.36001361,78.35348566,6216.9887,,,,,,,,,3.681,,,8.924,,3.712Ê,,5,4.2,,,,,,,
,,,,,,,,,,,,,,0 ° ,-0.04272353528,-0.04271253501,-0.0189,0.4164983571,0.04670531795,203.9,0.087,,0.04,0.087,,SAH-20,,,,,LS+,,,,,,
15,AC12,1 ° ,18.838 ',N,103 ° ,36.970 ',E,1 ° ,0.02293307368,0.02293106355,78.31729007,78.31077312,6216.9698,,,,,,,,,3.768,,,9.011,,3.799Ê,,8,4.3,,,,,,,
,,,,,,,,,,,,,,0 ° ,-0.02384568871,-0.02383955432,-0.0116,0.4527579448,0.02651066063,205.9,0.049,,0.04,0.049,,SAH-20,,,,,LS+,,,,,,
16,"POL: Exit Singapore - TS , Enter Malaysia - TS",1 ° ,18.814 ',N,103 ° ,36.958 ',E,1 ° ,0.02292609237,0.02292408407,78.29344438,78.28693357,6216.9582,,,,,,,,,3.817,,,9.060,,3.848Ê,,7,4.3,,,,,,,
,,,,,,,,,,,,,,0 ° ,-0.2187840135,-0.2187279073,-0.1067,0.4537557219,0.2433535473,206.0,0.451,,0.04,0.452,,SAH-20,,,,,LS+,,,,,,
17,AC13,1 ° ,18.594 ',N,103 ° ,36.852 ',E,1 ° ,0.02286203878,0.02286004727,78.07466037,78.06820566,6216.8515,,,,,,,,,4.269,,,9.512,,4.300Ê,,10,4.3,,,,,,,
,,,,,,,,,,,,,,0 ° ,-0.1063118239,-0.1062846756,-0.0368,0.3332422287,0.112472133,199.1,0.209,,0.04,0.209,,SAH-20,,,,,LS+,,,,,,
18,AC14,1 ° ,18.487 ',N,103 ° ,36.815 ',E,1 ° ,0.02283091374,0.02282893036,77.96834855,77.96192098,6216.8147,,,,,,,,,4.478,,,9.721,,4.509Ê,,10,5.2,,,,,,,
,,,,,,,,,,,,,,0 ° ,-0.02722376314,-0.02721682323,-0.0046,0.1673889445,0.02760262089,189.6,0.051,,0.04,0.051,,SAH-20,,,,,LS+,,,,,,
19,AC15,1 ° ,18.460 ',N,103 ° ,36.810 ',E,1 ° ,0.02282294341,0.0228209621,77.94112478,77.93470416,6216.8101,,,,,,,,,4.529,,,9.772,,4.560Ê,,10,4.7,,,,,,,
,,,,,,,,,,,,,,0 ° ,-0.03964335414,-0.03963325701,-0.0144,0.3484197282,0.0421669236,200.0,0.078,,0.04,0.078,,SAH-20,,,,,LS+,,,,,,
20,AC16,1 ° ,18.420 ',N,103 ° ,36.796 ',E,1 ° ,0.02281133697,0.02280935868,77.90148143,77.8950709,6216.7957,,,,,,,,,4.607,,,9.850,,4.638Ê,,10,4.4,,,,,,,
,,,,,,,,,,,,,,0 ° ,-0.6007097767,-0.6005580492,-0.1756,0.28439691,0.625691422,196.3,1.161,,0.04,1.161,,SAH-20,,,,,LS+,,,,,,
21,AC17,1 ° ,17.815 ',N,103 ° ,36.620 ',E,1 ° ,0.02263546596,0.02263353307,77.30077165,77.29451285,6216.6201,,,,,,,,,5.768,,,11.012,,5.800Ê,,7,5.8,,,,,,,
,,,,,,,,,,,,,,0 ° ,-1.315472448,-1.315148455,-0.3531,0.2622392335,1.361702486,195.0,2.526,,0.04,2.527,,SAH-20,,,,,LS+,,,,,,
22,AC18,1 ° ,16.491 ',N,103 ° ,36.267 ',E,1 ° ,0.02225032997,0.02224849408,75.9852992,75.9793644,6216.267,,,,,,,,,8.294,,,13.539,,8.327Ê,,19,3.8,,,,,,,
,,,,,,,,,,,,,,0 ° ,-0.03427764054,-0.0342693487,-0.0056,0.1619411631,0.03472366758,189.3,0.064,,0.04,0.064,,SAH-20,,,,,LS+,,,,,,
23,AC19,1 ° ,16.457 ',N,103 ° ,36.261 ',E,1 ° ,0.02224029433,0.02223846092,75.95102156,75.94509505,6216.2614,,,,,,,,,8.359,,,13.603,,8.391Ê,,19,4.0,,,,,,,
,,,,,,,,,,,,,,0 ° ,-0.03546989814,-0.03546132589,-0.0131,0.3537880505,0.03780254879,200.3,0.070,,0.04,0.070,,SAH-20,,,,,LS+,,,,,,
24,AC20,1 ° ,16.421 ',N,103 ° ,36.248 ',E,1 ° ,0.02222990962,0.02222807877,75.91555167,75.90963372,6216.2483,,,,,,,,,8.429,,,13.674,,8.462Ê,,19,4.4,,,,,,,
,,,,,,,,,,,,,,0 ° ,-0.6148102524,-0.614662956,-0.165,0.2621970823,0.6364137851,195.0,1.181,,0.04,1.181,,SAH-20,,,,,LS+,,,,,,
25,AC21,1 ° ,15.802 ',N,103 ° ,36.083 ',E,1 ° ,0.02204990799,0.02204812126,75.30074141,75.29497077,6216.0833,,,,,,,,,9.610,,,14.855,,9.643Ê,,21,4.4,,,,,,,
,,,,,,,,,,,,,,0 ° ,-0.1031305009,-0.1031060308,-0.0161,0.1548628916,0.1043548781,188.9,0.194,,0.04,0.194,,SAH-20,,,,,LS+,,,,,,
26,AC22,1 ° ,15.698 ',N,103 ° ,36.067 ',E,1 ° ,0.0220197138,0.0220179344,75.19761091,75.19186474,6216.0672,,,,,,,,,9.803,,,15.048,,9.836Ê,,21,5.2,,,,,,,
,,,,,,,,,,,,,,0 ° ,-0.7316483076,-0.7314766569,-0.0457,0.06238066289,0.7329021829,183.6,1.360,,0.04,1.360,,SAH-20,,,,,LS+,,,,,,
27,AC23,1 ° ,14.962 ',N,103 ° ,36.022 ',E,1 ° ,0.02180550372,0.02180377575,74.4659626,74.46038808,6216.0215,,,,,,,,,11.163,,,16.409,,11.197Ê,,25,4.6,,,,,,,
,,,,,,,,,,,,,,0 ° ,-0.03517149054,-0.03516332479,-0.0041,0.116047922,0.03540143508,186.6,0.066,,0.04,0.066,,SAH-20,,,,,LS+,,,,,,
28,AC24,1 ° ,14.926 ',N,103 ° ,36.017 ',E,1 ° ,0.02179520628,0.02179348075,74.43079111,74.42522476,6216.0174,,,,,,,,,11.229,,,16.474,,11.262Ê,,25,4.4,,,,,,,
,,,,,,,,,,,,,,0 ° ,-2.160646964,-2.16016022,-0.4047,0.1851595751,2.197726207,190.6,4.077,,0.04,4.079,,SAH-20,,,,,LS+,,,,,,
29,POL: Enter Traffic Traffic Seperation Scheme,1 ° ,12.752 ',N,103 ° ,35.613 ',E,1 ° ,0.02116261169,0.02116103209,72.27014415,72.26506454,6215.6127,,,,,,,,,15.306,,,20.554,,15.342Ê,,26,,,,,Based on EGS database position,,,
,,,,,,,,,,,,,,0 ° ,-0.3341241707,-0.3340514867,-0.0626,0.1852083508,0.3398638713,190.6,0.631,,0.04,0.631,,SAH-20,,,,,LS+,,,,,,
30,AC25,1 ° ,12.415 ',N,103 ° ,35.550 ',E,1 ° ,0.02106478599,0.02106322819,71.93601998,71.93101305,6215.5501,,,,,,,,,15.937,,,21.184,,15.972Ê,,30,5.1,,,,,,,
,,,,,,,,,,,,,,0 ° ,-0.2464943689,-0.2464411861,-0.0761,0.2994458359,0.2579185326,197.2,0.479,,0.04,0.479,,SAH-20,,,,,LS+,,,,,,
31,AC26,1 ° ,12.167 ',N,103 ° ,35.474 ',E,1 ° ,0.02099261662,0.02099107478,71.68952561,71.68457186,6215.474,,,,,,,,,16.415,,,21.663,,16.451Ê,,30,5.1,,,,,,,
,,,,,,,,,,,,,,0 ° ,-0.08564204999,-0.08562365902,-0.0258,0.2926067473,0.08942463382,196.8,0.166,,0.04,0.166,,SAH-20,,,,,LS+,,,,,,
32,"POL: Exit Malaysia - TS, Enter Indonesia - TS",1 ° ,12.081 ',N,103 ° ,35.448 ',E,1 ° ,0.02096754206,0.02096600574,71.60388356,71.5989482,6215.4482,,,,,,,,,16.581,,,21.829,,16.617Ê,,30,4.8,,,,,,,
,,,,,,,,,,,,,,0 ° ,-0.3969135462,-0.3968288952,-0.1198,0.293133887,0.4145106644,196.8,0.769,,0.04,0.769,,SAH-20,,,,,LS+,,,,,,
33,AC27,1 ° ,11.682 ',N,103 ° ,35.328 ',E,1 ° ,0.02085133222,0.0208498213,71.20697001,71.20211931,6215.3284,,,,,,,,,17.350,,,22.598,,17.386Ê,,30,4.8,,,,,,,
,,,,,,,,,,,,,,0 ° ,-0.5892583396,-0.5891344268,-0.1088,0.1825825743,0.5990925095,190.5,1.112,,0.04,1.112,,SAH-20,,,,,LS+,,,,,,
34,POL: Enter Traffic Traffic Seperation Scheme West bound,1 ° ,11.089 ',N,103 ° ,35.220 ',E,1 ° ,0.02067880642,0.0206773327,70.61771167,70.61298488,6215.2196,,,,,,,,,18.462,,,23.710,,18.498Ê,,31,,,,,Based on EGS database position,,,
,,,,,,,,,,,,,,0 ° ,-0.7337135704,-0.7335621973,-0.1353,0.1823558006,0.7459303149,190.4,1.384,,0.04,1.384,,SAH-20,,,,,LS+,,,,,,
35,POL: Exit Traffic Traffic Seperation Scheme West bound,1 ° ,10.350 ',N,103 ° ,35.084 ',E,1 ° ,0.02046398548,0.02046255721,69.8839981,69.87942269,6215.0843,,,,,,,,,19.846,,,25.095,,19.883Ê,,29,,,,,Based on EGS database position,,,
,,,,,,,,,,,,,,0 ° ,-0.07997805828,-0.07996175218,-0.0148,0.1829808404,0.0813193243,190.5,0.151,,0.04,0.151,,SAH-20,,,,,LS+,,,,,,
36,Transition SAH/DAH,1 ° ,10.270 ',N,103 ° ,35.070 ',E,1 ° ,0.02044056898,0.02043914561,69.80402005,69.79946093,6215.0695,,,,,,,,,19.996,,,25.246,,20.034Ê,20.034,29,4.3,,,,,,,
,,,,,,,,,,,,,,0 ° ,-0.1484312252,-0.1484010635,-0.0274,0.1825423423,0.1509083515,190.5,0.280,,5.30,0.295,,DAH-20,,,,,LS+,,,,,,
37,AC28,1 ° ,10.120 ',N,103 ° ,35.042 ',E,1 ° ,0.02039711028,0.02039569597,69.65558882,69.65105987,6215.0421,,,,,,,,,20.276,,,25.541,,0.295Ê,,22,4.4,,,,,,,
,,,,,,,,,,,,,,0 ° ,-0.009835799368,-0.00983380532,-0.0035,0.3418706196,0.0104378523,199.6,0.019,,5.30,0.020,,DAH-20,,,,,LS+,,,,,,
38,AC29,1 ° ,10.110 ',N,103 ° ,35.039 ',E,1 ° ,0.02039423049,0.02039281677,69.64575302,69.64122606,6215.0386,,,,,,,,,20.296,,,25.561,,0.315Ê,,22,4.4,,,,,,,
,,,,,,,,,,,,,,0 ° ,-0.01828067606,-0.01827697147,-0.0165,0.7342455439,0.02462087233,222.1,0.046,,5.30,0.048,,DAH-20,,,,,LS+,,,,,,
39,AC30,1 ° ,10.092 ',N,103 ° ,35.022 ',E,1 ° ,0.02038887814,0.02038746554,69.62747235,69.62294909,6215.0221,,,,,,,,,20.341,,,25.609,,0.363Ê,,21,5.0,,,,,,,
,,,,,,,,,,,,,,0 ° ,-0.02006900074,-0.02006493603,-0.0275,0.9403608996,0.03403741107,233.9,0.063,,5.30,0.066,,DAH-20,,,,,LS+,,,,,,
40,AC31,1 ° ,10.072 ',N,103 ° ,34.995 ',E,1 ° ,0.0203830022,0.02038159082,69.60740334,69.60288416,6214.9946,,,,,,,,,20.405,,,25.676,,0.430Ê,,21,4.8,,,,,,,
,,,,,,,,,,,,,,0 ° ,-0.0008941633425,-0.0008939822971,-0.0307,1.541678717,0.03070680027,268.3,0.057,,5.30,0.060,,DAH-20,,,,,LS+,,,,,,
41,AC32,1 ° ,10.071 ',N,103 ° ,34.964 ',E,1 ° ,0.0203827404,0.02038132908,69.60650918,69.60199017,6214.9639,,,,,,,,,20.462,,,25.736,,0.490Ê,,21,4.2,,,,,,,
,,,,,,,,,,,,,,0 ° ,-0.001987029632,-0.001986627327,-0.0171,1.455114569,0.01721157442,263.4,0.032,,5.30,0.034,,DAH-20,,,,,LS+,,,,,,
42,AC33 / Split Point,1 ° ,10.069 ',N,103 ° ,34.947 ',E,1 ° ,0.02038215863,0.02038074742,69.60452215,69.60000355,6214.9468,,,,,,,,,20.493,,,25.769,,0.523Ê,,21,4.2,,,,,,,
,,,,,,,,,,,,,,0 ° ,-0.002583138486,-0.002582615524,-0.0035,0.934993942,0.004349131334,233.6,0.008,,5.30,0.008,,DAH-20,,,,,LS+,,,,,,
43,AC34,1 ° ,10.066 ',N,103 ° ,34.943 ',E,1 ° ,0.02038140232,0.02037999127,69.60193901,69.59742093,6214.9433,,,,,,,,,20.502,,,25.778,,0.532Ê,,21,3.0,,,,,,,
,,,,,,,,,,,,,,0 ° ,-0.01688975065,-0.01688633225,-0.0081,0.4471792111,0.0187278312,205.6,0.035,,5.30,0.037,,DAH-20,,,,,LS+,,,,,,
44,AC35,1 ° ,10.049 ',N,103 ° ,34.935 ',E,1 ° ,0.02037645722,0.0203750472,69.58504926,69.5805346,6214.9352,,,,,,,,,20.536,,,25.814,,0.569Ê,,21,3.0,,,,,,,
,,,,,,,,,,,,,,0 ° ,-0.008146820284,-0.008145172015,-0.0002999999997,0.03680755159,0.008150692654,182.1,0.015,,5.30,0.016,,DAH-20,,,,,LS+,,,,,,
45,AC36,1 ° ,10.041 ',N,103 ° ,34.935 ',E,1 ° ,0.02037407193,0.02037266241,69.57690244,69.57238943,6214.9349,,,,,,,,,20.551,,,25.830,,0.584Ê,,21,3.0,,,,,,,
,,,,,,,,,,,,,,0 ° ,-0.00864357718,-0.008641828837,0.0058,-0.5910093475,0.01040709365,146.1,0.019,,5.30,0.020,,DAH-20,,,,,LS+,,,,,,
46,AC37,1 ° ,10.032 ',N,103 ° ,34.941 ',E,1 ° ,0.02037154121,0.02037013221,69.56825887,69.5637476,6214.9407,,,,,,,,,20.571,,,25.850,,0.605Ê,,21,3.0,,,,,,,
,,,,,,,,,,,,,,0 ° ,-0.009239685451,-0.009237817022,0.0166,-1.062894293,0.01899436307,119.1,0.035,,5.30,0.037,,DAH-20,,,,,LS+,,,,,,
47,AC38 / END 3m burial,1 ° ,10.023 ',N,103 ° ,34.957 ',E,1 ° ,0.02036883595,0.02036742751,69.55901918,69.55450978,6214.9573,,,,,,,,,20.606,,,25.888,,0.642Ê,,20,3.0,,,,,,,
,,,,,,,,,,,,,,0 ° ,-0.03099765065,-0.03099138606,0.0389,-0.8979761508,0.0497299149,128.5,0.092,,5.30,0.097,,DAH-20,,,,,LS+,,,,,,
48,AC39,1 ° ,09.992 ',N,103 ° ,34.996 ',E,1 ° ,0.02035976023,0.02035835368,69.52802153,69.5235184,6214.9962,,,,,,,,,20.698,,,25.985,,0.739Ê,,26,1.20 ,,,30-Dec-12,Route Deviation Point ,,,
,,,,,,,,,,,,,,0 ° ,-0.02404304554,-0.02403819039,0.0147,-0.5487621937,0.02817511905,148.6,0.052,,5.30,0.055,,DAH-20,,,,,LS+,Fu-Hai,,,,,
49,AC40,1 ° ,09.968 ',N,103 ° ,35.011 ',E,1 ° ,0.02035272074,0.02035131564,69.50397848,69.49948021,6215.0109,,,,,,,,,20.751,,,26.040,,0.794Ê,,27,0.64 ,,,30-Dec-12,,,,
,,,,,,,,,,,,,,0 ° ,-0.02791774685,-0.02791211355,-0.0028,0.09996035363,0.02805214643,185.7,0.052,,5.30,0.055,,DAH-20,,,,,LS+,Fu-Hai,,,,,
50,1_3NLJ001,1 ° ,09.939 ',N,103 ° ,35.008 ',E,1 ° ,0.02034454678,0.02034314337,69.47606074,69.47156809,6215.0081,,,,,,,,,20.803,,,26.095,,0.849Ê,0.849,27,0.24 ,,,30-Dec-12,End Pre Lay Shore End Cable (Stub No.2),,,
,,,,,,,,,,,,,,0 ° ,-0.002384433677,-0.002383952755,-0.0002000000004,0.08368148165,0.002392324101,184.8,0.004,,0.08,0.004,,SAL,,,,,LMF,Fu-Hai,,,,,
51,AC41,1 ° ,09.937 ',N,103 ° ,35.008 ',E,1 ° ,0.02034384865,0.02034244539,69.4736763,69.46918414,6215.0079,,,,,,,,,20.807,,,26.099,,0.004Ê,,27,0.30 ,,,30-Dec-12,,,,
,,,,,,,,,,,,,,0 ° ,-0.01996963069,-0.01996560429,-0.012,0.5410901601,0.02329307391,211.0,0.043,,0.08,0.043,,SAL,,,,,LMF,Fu-Hai,,,,,
52,AC42,1 ° ,09.917 ',N,103 ° ,34.996 ',E,1 ° ,0.0203380018,0.02033659974,69.45370667,69.44921853,6214.9959,,,,,,,,,20.850,,,26.142,,0.048Ê,,28,0.29 ,,,30-Dec-12,,,,
,,,,,,,,,,,,,,0 ° ,-0.01460465376,-0.01460171057,-0.0189,0.9129041336,0.02388045212,232.3,0.044,,0.08,0.044,,SAL,,,,,LMF,Fu-Hai,,,,,
53,AC43,1 ° ,09.902 ',N,103 ° ,34.977 ',E,1 ° ,0.02033372574,0.02033232457,69.43910202,69.43461682,6214.977,,,,,,,,,20.895,,,26.187,,0.092Ê,,27,0.61 ,,,30-Dec-12,,,,
,,,,,,,,,,,,,,0 ° ,0.0007948110557,0.0007946509148,-0.145,-1.565314926,0.1449729629,270.3,0.269,,0.08,0.269,,SAL,,,,,LMF,Fu-Hai,,,,,
54,AC44,1 ° ,09.903 ',N,103 ° ,34.832 ',E,1 ° ,0.02033395845,0.02033255723,69.43989683,69.43541148,6214.832,,,,,,,,,21.164,,,26.456,,0.361Ê,,26,1.20 ,,,30-Dec-12,,,,
,,,,,,,,,,,,,,0 ° ,0.006557191356,0.00655587005,-0.1681,-1.531808411,0.1681939431,272.2,0.312,,0.08,0.312,,SAL,,,,,LMF,Fu-Hai,,,,,
55,CX: SMW3-SEG-4.1 (IS),1 ° ,09.910 ',N,103 ° ,34.664 ',E,1 ° ,0.02033587831,0.0203344767,69.44645402,69.44196735,6214.6639,,,,,,,,,21.476,,,26.768,,0.674Ê,,25,1.20 ,,,30-Dec-12,As found position,,,
,,,,,,,,,,,,,,0 ° ,0.0001987027728,0.0001986627289,-0.0083,-1.546860806,0.00830070499,271.4,0.015,,0.08,0.015,,SAL,,,,,LMF,Fu-Hai,,,,,
56,CX: SMW3-SEG-3.1/ 2.7 (IS),1 ° ,09.910 ',N,103 ° ,34.656 ',E,1 ° ,0.02033593649,0.02033453486,69.44665272,69.44216601,6214.6556,,,,,,,,,21.491,,,26.784,,0.689Ê,,25,0.22 ,,,30-Dec-12,As found position,,,
,,,,,,,,,,,,,,0 ° ,0.003179244391,0.003178603663,-0.1447,-1.54882858,0.1447057527,271.3,0.268,,0.08,0.269,,SAL,,,,,LMF,Fu-Hai,,,,,
57,AC45,1 ° ,09.913 ',N,103 ° ,34.511 ',E,1 ° ,0.02033686733,0.02033546551,69.44983197,69.44534461,6214.5109,,,,,,,,,21.759,,,27.052,,0.958Ê,,24,0.18 ,,,30-Dec-12,,,,
,,,,,,,,,,,,,,0 ° ,-0.03606454998,-0.03605728523,-0.106,1.24285023,0.1119446362,251.2,0.208,,0.08,0.208,,SAL,,,,,LMF,Fu-Hai,,,,,
58,AC46,1 ° ,09.877 ',N,103 ° ,34.405 ',E,1 ° ,0.02032630809,0.02032490845,69.41376742,69.40928733,6214.4049,,,,,,,,,21.967,,,27.260,,1.166Ê,,24,0.68 ,,,30-Dec-12,,,,
,,,,,,,,,,,,,,0 ° ,-0.03397816388,-0.03397132644,-0.0608,1.06118284,0.06963622201,240.8,0.129,,0.08,0.129,,SAL,,,,,LMF,Fu-Hai,,,,,
59,CX: SMW4-SEG-1-1 (IS),1 ° ,09.843 ',N,103 ° ,34.344 ',E,1 ° ,0.02031635971,0.02031496213,69.37978925,69.375316,6214.3441,,,,,,,,,22.096,,,27.389,,1.295Ê,,23,1.20 ,,,30-Dec-12,As found position,,,
,,,,,,,,,,,,,,0 ° ,-0.03089826579,-0.03089205404,-0.0578,1.07987508,0.06552721465,241.9,0.122,,0.08,0.122,,SAL,,,,,LMF,Fu-Hai,,,,,
60,AC47,1 ° ,09.811 ',N,103 ° ,34.286 ',E,1 ° ,0.02030731309,0.02030591737,69.34889099,69.34442395,6214.2863,,,,,,,,,22.218,,,27.511,,1.416Ê,,21,0.00 ,,,30-Dec-12,,,,
,,,,,,,,,,,,,,0 ° ,-0.1032259974,-0.1032052858,-0.1172,0.8487088771,0.1561462762,228.6,0.290,,0.08,0.290,,SAL,,,,,LMF,Fu-Hai,,,,,
61,AC48,1 ° ,09.708 ',N,103 ° ,34.169 ',E,1 ° ,0.02027708981,0.02027570031,69.24566499,69.24121866,6214.1691,,,,,,,,,22.508,,,27.801,,1.706Ê,,24,0.65 ,,,30-Dec-12,,,,
,,,,,,,,,,,,,,0 ° ,-0.05672956317,-0.05671820754,-0.0361,0.5667212992,0.06722829307,212.5,0.125,,0.08,0.125,,SAL,,,,,LMF,Fu-Hai,,,,,
62,PLDN,1 ° ,09.650 ',N,103 ° ,34.133 ',E,1 ° ,0.02026048009,0.02025909401,69.18893543,69.18450045,6214.133,,,,,,,,,22.632,,,27.926,,1.831Ê,,24,1.20 ,,,30-Dec-12,,,,
,,,,,,,,,,,,,,0 ° ,-0.1176318172,-0.1176083311,-0.0849,0.6251703553,0.1450408617,215.8,0.269,,0.08,0.269,,SAL,,,,,LMF,Fu-Hai,,,,,
63,AC49,1 ° ,09.532 ',N,103 ° ,34.048 ',E,1 ° ,0.02022603892,0.0202246599,69.07130361,69.06689212,6214.0481,,,,,,,,,22.901,,,28.195,,2.101Ê,,27,1.02 ,,,30-Dec-12,,,,
,,,,,,,,,,,,,,0 ° ,-1.156840935,-1.156614277,-0.7724,0.5887040798,1.390728077,213.7,2.580,,0.08,2.582,,SAL,,,,,LMF,Fu-Hai,,,,,
64,PX: PL_P_(fm GRISSIK)_Gulf-Seg-C Gas Pipe,1 ° ,08.368 ',N,103 ° ,33.276 ',E,1 ° ,0.01988732869,0.01988601779,67.91446268,67.91027784,6213.2757,,,,,,,,,25.482,,,30.778,,4.683Ê,,31,1.30 ,,,31-Dec-12,Planned Crossing Position with Pipeline,,,
,,,,,,,,,,,,,,0 ° ,-2.183709581,-2.183302719,-1.4472,0.5852691305,2.619240011,213.5,4.860,,0.08,4.863,,SAL,,,,,LMF,Fu-Hai,,,,,
65,AC50,1 ° ,06.170 ',N,103 ° ,31.829 ',E,1 ° ,0.01924795641,0.01924676792,65.73075309,65.72697513,6211.8285,,,,,,,,,30.341,,,35.641,,9.546Ê,,31,1.58 ,,,31-Dec-12,,,,
,,,,,,,,,,,,,,0 ° ,-0.004470714754,-0.004469909466,-0.0034,0.6501903471,0.005615685757,217.3,0.010,,0.08,0.010,,SAL,,,,,LMF,Fu-Hai,,,,,
66,POL,1 ° ,06.165 ',N,103 ° ,31.825 ',E,1 ° ,0.01924664742,0.01924545917,65.72628238,65.72250522,6211.8251,,,,,,,,,30.352,,,35.651,,9.557Ê,,30,1.35 ,,,31-Dec-12,Exit Traffic Separation Scheme,,,
,,,,,,,,,,,,,,0 ° ,-0.03268588884,-0.0326800047,-0.0156,0.4452989679,0.03621125647,205.5,0.067,,0.08,0.067,,SAL,,,,,LMF,Fu-Hai,,,,,
67,PLUP,1 ° ,06.132 ',N,103 ° ,31.810 ',E,1 ° ,0.01923707719,0.01923589072,65.69359649,65.68982521,6211.8095,,,,,,,,,30.419,,,35.719,,9.624Ê,,30,0.98 ,,,31-Dec-12,,,,
,,,,,,,,,,,,,,0 ° ,-0.1480302409,-0.1480036672,-0.0693,0.4378425531,0.1634192504,205.1,0.303,,0.08,0.303,,SAL,,,,,LMF,Fu-Hai,,,,,
68,CX: TIISCS-SEG-CHENNAI-TANAH_MERAH (IS),1 ° ,05.983 ',N,103 ° ,31.740 ',E,1 ° ,0.01919373485,0.01919255638,65.54556625,65.54182154,6211.7402,,,,,,,,,30.722,,,36.022,,9.928Ê,,30,1.20 ,,,31-Dec-12,As found position,,,
,,,,,,,,,,,,,,0 ° ,-0.06964371446,-0.06963125464,-0.0303,0.4103703341,0.07593598057,203.5,0.141,,0.08,0.141,,SAL,,,,,LMF,Fu-Hai,,,,,
69,AC51,1 ° ,05.913 ',N,103 ° ,31.710 ',E,1 ° ,0.01917334359,0.01917216887,65.47592254,65.47219029,6211.7099,,,,,,,,,30.863,,,36.163,,10.069Ê,,30,0.00 ,,,31-Dec-12,,,,
,,,,,,,,,,,,,,0 ° ,-0.2147925662,-0.2147543083,-0.0707,0.3179851545,0.2260887491,198.2,0.419,,0.08,0.420,,SAL,,,,,LMF,Fu-Hai,,,,,
70,CX: SMW3-SEG-4.1 (IS) / CX: HPBB (IS),1 ° ,05.697 ',N,103 ° ,31.639 ',E,1 ° ,0.01911045356,0.01910929036,65.26112997,65.25743598,6211.6392,,,,,,,,,31.282,,,36.583,,10.488Ê,,28,0.76 ,,,31-Dec-12,As found position,,,
,,,,,,,,,,,,,,0 ° ,-0.1028261359,-0.1028079117,-0.0335,0.314948663,0.1081264026,198.0,0.201,,0.08,0.201,,SAL,,,,,LMF,Fu-Hai,,,,,
71,AC52,1 ° ,05.593 ',N,103 ° ,31.606 ',E,1 ° ,0.01908034663,0.01907918892,65.15830383,65.15462807,6211.6057,,,,,,,,,31.483,,,36.784,,10.689Ê,,31,0.43 ,,,31-Dec-12,,,,
,,,,,,,,,,,,,,0 ° ,-0.09616970379,-0.09615271249,-0.0035,0.03637794245,0.09621636966,182.1,0.179,,0.08,0.179,,SAL,,,,,LMF,Fu-Hai,,,,,
72,AC53,1 ° ,05.497 ',N,103 ° ,31.602 ',E,1 ° ,0.01905218865,0.01905103606,65.06213413,65.05847536,6211.6022,,,,,,,,,31.661,,,36.962,,10.868Ê,,31,0.83 ,,,31-Dec-12,,,,
,,,,,,,,,,,,,,0 ° ,-0.09507681485,-0.09506006701,-0.0189,0.1962285901,0.09692007277,191.2,0.180,,0.08,0.180,,SAL,,,,,LMF,Fu-Hai,,,,,
73,CX: Batam-Dumai-SEG-1 (IS),1 ° ,05.401 ',N,103 ° ,31.583 ',E,1 ° ,0.01902435065,0.0190232031,64.96705731,64.96341529,6211.5833,,,,,,,,,31.841,,,37.142,,11.048Ê,,30,1.20 ,,,31-Dec-12,As found position,,,
,,,,,,,,,,,,,,0 ° ,-0.1610443109,-0.1610160569,-0.0297,0.1823721519,0.1637313381,190.4,0.304,,0.08,0.304,,SAL,,,,,LMF,Fu-Hai,,,,,
74,AC54,1 ° ,05.239 ',N,103 ° ,31.554 ',E,1 ° ,0.01897719767,0.01897605863,64.806013,64.80239923,6211.5536,,,,,,,,,32.145,,,37.446,,11.352Ê,,29,0.20 ,,,31-Dec-12,,,,
,,,,,,,,,,,,,,0 ° ,-0.1140522675,-0.1140323445,-0.0119,0.1039619576,0.1146513677,186.0,0.213,,0.08,0.213,,SAL,,,,,LMF,Fu-Hai,,,,,
75,PLDN,1 ° ,05.124 ',N,103 ° ,31.542 ',E,1 ° ,0.0189438037,0.01894267067,64.69196074,64.68836689,6211.5417,,,,,,,,,32.358,,,37.659,,11.565Ê,,27,1.20 ,,,31-Dec-12,,,,
,,,,,,,,,,,,,,0 ° ,-0.001192183594,-0.001191975719,-0.0001000000002,0.08368380422,0.001196161623,184.8,0.002,,0.08,0.002,,SAL,,,,,LMF,Fu-Hai,,,,,
76,AC55,1 ° ,05.123 ',N,103 ° ,31.542 ',E,1 ° ,0.01894345464,0.01894232167,64.69076855,64.68717491,6211.5416,,,,,,,,,32.360,,,37.661,,11.567Ê,,27,1.54 ,,,31-Dec-12,,,,
,,,,,,,,,,,,,,0 ° ,-0.09825577046,-0.09823866495,0.0227,-0.2270461221,0.1008263155,167.0,0.187,,0.08,0.187,,SAL,,,,,LMF,Fu-Hai,,,,,
77,AC56,1 ° ,05.024 ',N,103 ° ,31.564 ',E,1 ° ,0.01891468579,0.01891355798,64.59251278,64.58893625,6211.5643,,,,,,,,,32.547,,,37.849,,11.754Ê,,27,1.39 ,,,31-Dec-12,,,,
,,,,,,,,,,,,,,0 ° ,-0.1687931536,-0.1687638921,0.0936,-0.5063105533,0.1929745423,151.0,0.358,,0.08,0.358,,SAL,,,,,LMF,Fu-Hai,,,,,
78,PX: PL_P_(fm GRISSIK)_Gulf-Seg-B Gas Pipe,1 ° ,04.854 ',N,103 ° ,31.658 ',E,1 ° ,0.01886526388,0.01886414489,64.42371963,64.42017236,6211.6579,,,,,,,,,32.905,,,38.207,,12.112Ê,,26,1.51 ,,,31-Dec-12,Planned Crossing Position with Pipeline,,,
,,,,,,,,,,,,,,0 ° ,-0.02453907379,-0.02453483278,0.0171,-0.6086072709,0.02990429661,145.1,0.055,,0.08,0.056,,SAL,,,,,LMF,Fu-Hai,,,,,
79,AC57,1 ° ,04.829 ',N,103 ° ,31.675 ',E,1 ° ,0.01885807895,0.01885696123,64.39918056,64.39563752,6211.675,,,,,,,,,32.961,,,38.263,,12.168Ê,,26,1.60 ,,,31-Dec-12,,,,
,,,,,,,,,,,,,,0 ° ,-0.06537128134,-0.06535999956,0.0634,-0.7700909664,0.09104999874,135.9,0.169,,0.08,0.169,,SAL,,,,,LMF,Fu-Hai,,,,,
80,AC58,1 ° ,04.764 ',N,103 ° ,31.738 ',E,1 ° ,0.0188389385,0.01883782418,64.33380927,64.33027752,6211.7384,,,,,,,,,33.129,,,38.432,,12.337Ê,,25,1.44 ,,,31-Dec-12,,,,
,,,,,,,,,,,,,,0 ° ,-0.2810564985,-0.2810082602,0.4665,-1.028555955,0.5445302533,121.1,1.010,,0.08,1.011,,SAL,,,,,LMF,Fu-Hai,,,,,
81,PLUP,1 ° ,04.481 ',N,103 ° ,32.205 ',E,1 ° ,0.01875664623,0.01875554645,64.05275278,64.04926926,6212.2049,,,,,,,,,34.140,,,39.443,,13.348Ê,,25,1.60 ,,,31-Dec-12,,,,
,,,,,,,,,,,,,,0 ° ,-0.07997534597,-0.07996169846,0.1485,-1.07678288,0.1686374739,118.3,0.313,,0.08,0.313,,SAL,,,,,LMF,Fu-Hai,,,,,
82,Lay Interface,1 ° ,04.4001 ',N,103 ° ,32.3534 ',E,1 ° ,0.01873322973,0.01873213406,63.97277743,63.96930756,6212.3534,,,,,,,,,34.453,,,39.756,,13.661Ê,13.661,24,1.20 ,,,31-Dec-12,,,,